{
  "head": {
    "locale": "en-US",
    "catalog": "storefront-catalog-en",
    "is_master": true
  },
  "items": [
    {
      "shipping_weight_unit": "lb",
      "is_searchable": true,
      "is_available": true,
      "keywords": [],
      "show_in_listing": true,
      "images": [],
      "extended_attributes": [
        {
          "name": "pricebooks",
          "value": "non-inventory-products"
        },
        {
          "name": "product_created_at",
          "value": "2020-04-28T10:00:00-06:00"
        },
        {
          "name": "variant_created_at",
          "value": "2020-04-28T10:00:00-06:00"
        },
        {
          "name": "product_updated_at",
          "value": "2020-04-28T10:00:00-06:00"
        },
        {
          "name": "variant_updated_at",
          "value": "2020-04-28T10:00:00-06:00"
        },
        {
          "name": "published_at",
          "value": "2020-04-28T10:00:00-06:00"
        },
        {
          "name": "handle",
          "value": ""
        },
        {
          "name": "published_scope",
          "value": "global"
        },
        {
          "name": "fulfillment_service",
          "value": "manual"
        },
        {
          "name": "inventory_policy",
          "value": "deny"
        }
      ],
      "title": "Frank And Oak 100% recycled bag",
      "shipping_weight_value": 0.00,
      "categories": [],
      "shipping_dimension_height": 0.00,
      "description": "Frank And Oak 100% recycled bag",
      "brand": "",
      "material": "",
      "shipping_dimension_length": 0.00,
      "variation_color_value": "",
      "google_category": "none",
      "shipping_dimension_width": 0.00,
      "manufacturer": null,
      "shipping_dimension_unit": "cm",
      "product_id": "9090909-999",
      "variant_group_id": "",
      "external_identifiers": [
        {
          "type": "sku",
          "value": "9090909-999"
        }
      ],
      "caption": "Frank And Oak 100% recycled bag"
    },
    {
      "shipping_weight_unit": "lb",
      "is_searchable": true,
      "is_available": true,
      "keywords": [],
      "show_in_listing": true,
      "images": [],
      "extended_attributes": [
        {
          "name": "pricebooks",
          "value": "non-inventory-products"
        },
        {
          "name": "product_created_at",
          "value": "2020-04-28T10:00:00-06:00"
        },
        {
          "name": "variant_created_at",
          "value": "2020-04-28T10:00:00-06:00"
        },
        {
          "name": "product_updated_at",
          "value": "2020-04-28T10:00:00-06:00"
        },
        {
          "name": "variant_updated_at",
          "value": "2020-04-28T10:00:00-06:00"
        },
        {
          "name": "published_at",
          "value": "2020-04-28T10:00:00-06:00"
        },
        {
          "name": "handle",
          "value": ""
        },
        {
          "name": "published_scope",
          "value": "global"
        },
        {
          "name": "fulfillment_service",
          "value": "manual"
        },
        {
          "name": "inventory_policy",
          "value": "deny"
        }
      ],
      "title": "eGift Card",
      "shipping_weight_value": 0.00,
      "categories": [],
      "shipping_dimension_height": 0.00,
      "description": "eGift Card",
      "brand": "",
      "material": "",
      "shipping_dimension_length": 0.00,
      "variation_color_value": "",
      "google_category": "none",
      "shipping_dimension_width": 0.00,
      "manufacturer": null,
      "shipping_dimension_unit": "cm",
      "product_id": "virtual_giftcard",
      "variant_group_id": "",
      "external_identifiers": [
        {
          "type": "sku",
          "value": "virtual_giftcard"
        }
      ],
      "caption": "eGift Card"
    },
    {
      "shipping_weight_unit": "lb",
      "is_searchable": true,
      "is_available": true,
      "keywords": [],
      "show_in_listing": true,
      "images": [],
      "extended_attributes": [
        {
          "name": "pricebooks",
          "value": "non-inventory-products"
        },
        {
          "name": "product_created_at",
          "value": "2020-04-28T10:00:00-06:00"
        },
        {
          "name": "variant_created_at",
          "value": "2020-04-28T10:00:00-06:00"
        },
        {
          "name": "product_updated_at",
          "value": "2020-04-28T10:00:00-06:00"
        },
        {
          "name": "variant_updated_at",
          "value": "2020-04-28T10:00:00-06:00"
        },
        {
          "name": "published_at",
          "value": "2020-04-28T10:00:00-06:00"
        },
        {
          "name": "handle",
          "value": ""
        },
        {
          "name": "published_scope",
          "value": "global"
        },
        {
          "name": "fulfillment_service",
          "value": "manual"
        },
        {
          "name": "inventory_policy",
          "value": "deny"
        }
      ],
      "title": "STYLESHIP-FEE",
      "shipping_weight_value": 0.00,
      "categories": [],
      "shipping_dimension_height": 0.00,
      "description": "STYLESHIP-FEE",
      "brand": "",
      "material": "",
      "shipping_dimension_length": 0.00,
      "variation_color_value": "",
      "google_category": "none",
      "shipping_dimension_width": 0.00,
      "manufacturer": null,
      "shipping_dimension_unit": "cm",
      "product_id": "STYLESHIP-FEE",
      "variant_group_id": "",
      "external_identifiers": [
        {
          "type": "sku",
          "value": "STYLESHIP-FEE"
        }
      ],
      "caption": "STYLESHIP-FEE"
    }
  ]
}
